datetime,open,high,low,close,volume,return
20210316,13.38,13.51,13.12,13.29,145908760,0.007581501137225111
20210317,13.04,13.45,12.99,13.34,127975480,0.003762227238525151
20210318,13.13,13.18,12.72,12.72,150889400,-0.04647676161919034
20210319,12.75,12.92,12.61,12.85,130366880,0.010220125786163381
20210322,12.94,13.39,12.91,13.19,143004280,0.0264591439688715
20210323,13.26,13.34,13.02,13.07,112213960,-0.0090978013646702
20210324,13.17,13.17,12.64,12.64,126040840,-0.03289977046671766
20210325,12.51,12.71,12.27,12.54,148286400,-0.007911392405063444
20210326,12.55,12.86,12.37,12.84,203397400,0.02392344497607657
20210329,12.8,13.06,12.7,12.95,128858520,0.008566978193146335
20210330,12.81,12.98,12.71,12.87,98888800,-0.00617760617760621
20210331,13.01,13.47,12.98,13.35,161871840,0.037296037296037365
20210401,13.57,13.87,13.51,13.81,162622760,0.03445692883895135
20210405,13.87,14.01,13.73,13.99,130787560,0.01303403330919628
20210406,14.0,14.05,13.77,13.86,99760200,-0.009292351679771271
20210407,13.88,14.24,13.71,14.14,133642920,0.020202020202020332
20210408,14.25,14.47,14.25,14.32,134978000,0.012729844413012614
20210409,14.25,14.41,14.18,14.4,97914280,0.005586592178770999
20210412,14.29,15.35,14.14,15.21,570395880,0.05625000000000013
20210413,15.23,15.7,15.13,15.68,423757960,0.030900723208415526
20210414,15.63,15.72,15.23,15.28,216152320,-0.025510204081632626
20210415,15.66,16.21,15.63,16.14,366799040,0.05628272251308908
20210416,16.06,16.17,15.87,15.91,182802920,-0.014250309789343274
20210419,15.54,15.81,15.23,15.36,240201480,-0.034569453174104425
20210420,15.32,15.5,14.96,15.17,185580800,-0.01236979166666663
20210421,15.13,15.36,15.1,15.36,108143000,0.012524719841793042
20210422,15.38,15.44,14.78,14.85,151437640,-0.033203125
20210423,14.9,15.33,14.9,15.27,118579440,0.028282828282828243
20210426,15.18,15.48,15.13,15.48,111922560,0.013752455795677854
20210427,15.57,15.67,15.35,15.38,88968000,-0.006459948320413411
20210428,15.36,15.53,15.22,15.28,113298640,-0.006501950585175664
20210429,15.4,15.44,15.07,15.32,83692000,0.002617801047120505
20210430,15.16,15.37,15.0,15.01,90734720,-0.020234986945169786
20210503,15.13,15.25,14.79,14.84,108821080,-0.011325782811459018
20210504,14.64,14.64,14.01,14.35,229543840,-0.03301886792452835
20210505,14.71,14.81,14.39,14.46,167974400,0.0076655052264809065
20210506,14.5,14.57,14.22,14.52,103987560,0.004149377593360981
20210507,14.8,14.97,14.67,14.81,116216400,0.019972451790633672
20210510,14.77,14.81,14.25,14.27,141179880,-0.036461850101283
20210511,13.84,14.35,13.75,14.31,152690080,0.002803083391730965
20210512,14.01,14.26,13.71,13.76,157889800,-0.03843466107617055
20210513,14.03,14.08,13.46,13.67,145511200,-0.006540697674418561
20210514,13.89,14.33,13.75,14.24,129878320,0.04169714703730798
20210517,14.16,14.17,13.85,14.17,118052320,-0.004915730337078705
20210518,14.27,14.4,14.0,14.02,106255800,-0.010585744530698715
20210519,13.57,14.08,13.54,14.07,195852960,0.003566333808844524
20210520,14.3,14.68,14.27,14.61,179897480,0.03837953091684421
20210521,15.16,15.22,14.87,14.99,401540920,0.02600958247775509
20210524,15.2,15.74,15.18,15.61,332725920,0.0413609072715142
20210525,15.77,15.82,15.48,15.65,230269720,0.002562459961563235
20210526,15.73,15.79,15.59,15.7,163508120,0.0031948881789136685
20210527,15.69,15.75,15.46,15.49,295609560,-0.013375796178343946
20210528,15.5,16.28,15.5,16.24,395964000,0.048418334409296104
20210601,16.27,16.39,15.9,16.26,282943400,0.0012315270935963074
20210602,16.26,16.92,16.24,16.78,381548520,0.03198031980319804
20210603,16.69,17.26,16.58,16.97,354387760,0.011323003575685275
20210604,17.12,17.66,17.1,17.58,357939280,0.03594578668238069
20210607,17.57,17.81,17.19,17.62,373399400,0.0022753128555177415
20210608,17.53,17.62,17.25,17.46,190074680,-0.009080590238365494
20210609,17.52,17.58,17.26,17.36,261498720,-0.005727376861397571
20210610,17.35,17.49,17.18,17.43,165276000,0.0040322580645162365
20210611,17.49,17.94,17.44,17.83,247877480,0.022948938611589087
20210614,17.91,18.04,17.66,18.02,178126720,0.010656197420078506
20210615,17.93,18.02,17.73,17.79,130366880,-0.012763596004439548
20210616,17.79,17.95,17.58,17.81,172868840,0.0011242270938729426
20210617,17.77,18.84,17.76,18.66,528619920,0.047725996631106105
20210618,18.78,19.38,18.58,18.64,553939520,-0.001071811361200381
20210621,18.46,18.54,17.82,18.43,395922160,-0.011266094420600892
20210622,18.47,18.96,18.39,18.89,352160760,0.024959305480195315
20210623,19.0,19.15,18.91,19.06,197132040,0.008999470619375227
20210624,19.23,19.42,19.09,19.21,183513080,0.007869884575026243
20210625,19.28,19.35,18.89,19.03,145825480,-0.00937011972930768
20210628,19.35,20.08,19.32,19.99,293435120,0.05044666316342594
20210629,19.9,20.1,19.66,20.03,216062680,0.002001000500250205
20210630,19.99,20.16,19.86,20.0,186186880,-0.0014977533699451762
20210701,20.13,20.46,20.02,20.21,285443000,0.010499999999999954
20210702,20.45,20.51,20.29,20.49,195386920,0.01385452746165261
20210706,20.74,20.84,20.35,20.7,247979040,0.01024890190336758
20210707,20.85,20.88,20.33,20.37,231861480,-0.015942028985507117
20210708,19.84,20.13,19.7,19.9,273219960,-0.02307314678448713
20210709,19.97,20.08,19.75,20.05,155292080,0.007537688442211143
20210712,20.24,20.53,20.19,20.51,179977560,0.02294264339152119
20210713,20.39,20.46,20.11,20.25,152505720,-0.012676743052169703
20210714,20.36,20.42,19.75,19.84,206209320,-0.020246913580246884
20210715,19.81,19.85,18.86,18.97,313092120,-0.04385080645161299
20210716,19.04,19.16,18.07,18.16,406443080,-0.04269899841855551
20210719,17.91,19.04,17.87,18.78,432566680,0.034140969162995694
20210720,18.73,18.84,18.16,18.61,278923450,-0.009052183173589023
20210721,18.88,19.53,18.74,19.41,264284510,0.0429876410531973
20210722,19.64,19.89,19.28,19.59,235679710,0.009273570324574987
20210723,19.67,19.7,19.25,19.56,135164480,-0.0015313935681470214
20210726,19.31,19.44,18.91,19.29,130755190,-0.013803680981595123
20210727,19.27,19.62,18.74,19.21,169842620,-0.004147226542249749
20210728,19.29,19.65,19.0,19.5,134006930,0.015096304008328953
20210729,19.55,19.85,19.33,19.66,127669710,0.00820512820512831
20210730,19.43,19.63,19.26,19.5,112648110,-0.008138351983723258
20210802,19.7,19.96,19.36,19.75,155677420,0.012820512820512775
20210803,19.74,20.22,19.22,19.82,229973240,0.0035443037974682845
20210804,19.99,20.32,19.83,20.27,158581130,0.022704339051463185
20210805,20.5,20.73,20.34,20.64,148134290,0.018253576714356345
20210806,20.48,20.57,20.21,20.37,122487750,-0.013081395348837233
20210809,20.46,20.51,20.14,20.29,94721240,-0.003927344133529798
20210810,20.35,20.43,19.83,19.94,123326570,-0.017249876786594287
20210811,20.05,20.05,19.43,19.7,116567380,-0.012036108324975037
20210812,19.87,20.03,19.62,19.91,105276110,0.010659898477157315
20210813,19.91,20.21,19.85,20.19,116916520,0.014063284781516971
20210816,20.12,20.29,19.45,19.95,145584410,-0.01188707280832102
20210817,19.68,19.77,19.27,19.46,132634700,-0.024561403508771895
20210818,19.5,19.63,19.0,19.04,169213700,-0.021582733812949728
20210819,19.5,20.5,18.76,19.8,603186240,0.0399159663865547
20210820,20.0,20.87,19.93,20.82,539222760,0.051515151515151514
20210823,20.95,22.0,20.95,21.96,426018270,0.05475504322766578
20210824,21.76,21.96,21.54,21.79,222286920,-0.007741347905282359
20210825,21.74,22.47,21.72,22.21,266207430,0.019274896741624747
20210826,22.21,22.34,21.79,22.07,174906470,-0.006303466906798727
20210827,22.19,22.72,22.17,22.64,217505750,0.02582691436338913
20210830,22.85,23.04,22.55,22.69,186270920,0.0022084805653710404
20210831,22.7,22.7,22.12,22.39,162999360,-0.013221683561040143
20210901,22.5,22.7,22.36,22.44,137289090,0.0022331397945511977
20210902,22.52,22.59,22.29,22.4,133411360,-0.0017825311942960553
20210903,22.33,22.99,22.2,22.84,209697270,0.019642857142857295
20210907,22.81,22.9,22.52,22.66,134890440,-0.007880910683012221
20210908,22.52,22.61,21.98,22.34,184999660,-0.014121800529567574
20210909,22.34,22.54,22.13,22.18,131514310,-0.0071620411817368
20210910,22.36,22.63,22.27,22.48,177983990,0.01352569882777277
20210913,22.67,22.96,21.86,22.15,199981620,-0.014679715302491236
20210914,22.28,22.41,22.09,22.24,139890880,0.004063205417607296
20210915,22.3,22.37,21.97,22.34,112645320,0.004496402877697925
20210916,22.19,22.28,21.93,22.24,108402440,-0.004476275738585556
20210917,22.3,22.32,21.83,21.9,155977410,-0.015287769784172678
20210920,21.15,21.43,20.66,21.11,237285170,-0.036073059360730575
20210921,21.41,21.43,20.95,21.25,143553650,0.006631927996210374
20210922,21.37,21.96,21.2,21.94,190554680,0.03247058823529425
20210923,22.12,22.54,21.89,22.48,175014960,0.024612579762989917
20210924,22.08,22.15,21.86,22.08,145936750,-0.017793594306049876
20210927,21.72,21.8,21.33,21.66,176565920,-0.0190217391304347
20210928,21.21,21.42,20.65,20.7,240568610,-0.04432132963988922
20210929,20.95,21.02,20.47,20.52,149805030,-0.008695652173912993
20210930,20.76,21.07,20.69,20.72,143485680,0.00974658869395717
20211001,20.75,20.86,20.2,20.74,167034040,0.0009652509652509078
20211004,20.5,20.54,19.56,19.73,233980160,-0.04869816779170677
20211005,19.95,20.65,19.85,20.45,187037970,0.036492650785605596
20211006,20.12,20.72,20.08,20.7,193981150,0.012224938875305513
20211007,21.09,21.32,20.97,21.08,183243540,0.018357487922705307
20211008,21.1,21.21,20.78,20.83,104873060,-0.01185958254269448
20211011,20.6,21.06,20.51,20.7,104891090,-0.006240998559769562
20211012,20.85,21.06,20.53,20.67,114906900,-0.0014492753623187582
20211013,20.92,20.99,20.71,20.94,107065750,0.013062409288824295
20211014,21.27,21.76,21.12,21.75,157571620,0.0386819484240688
20211015,21.78,21.93,21.66,21.86,148691950,0.005057471264367841
20211018,21.74,22.29,21.64,22.22,124096750,0.01646843549862753
20211019,22.28,22.38,22.04,22.29,114591090,0.0031503150315030926
20211020,22.29,22.43,21.98,22.1,101562180,-0.008524001794526614
20211021,22.09,22.71,22.08,22.69,128721340,0.026696832579185426
20211022,22.85,23.13,22.56,22.73,165572440,0.0017628911414719894
20211025,22.97,23.36,22.77,23.17,154033110,0.01935767707875069
20211026,24.0,25.26,23.92,24.72,359460740,0.0668968493741906
20211027,24.47,25.09,24.28,24.45,173794120,-0.010922330097087318
20211028,24.88,24.95,24.52,24.94,151569920,0.020040899795501055
20211029,25.0,25.71,25.0,25.57,195771960,0.025260625501202894
20211101,25.65,25.89,25.23,25.83,166293730,0.010168165819319341
20211102,25.82,26.68,25.8,26.4,196106090,0.022067363530778206
20211103,26.67,26.78,26.24,26.6,159067050,0.007575757575757791
20211104,27.24,31.36,27.12,29.8,825981870,0.12030075187969924
20211105,30.18,31.4,29.41,29.75,588374930,-0.001677852348993314
20211108,30.15,31.1,29.91,30.8,333606080,0.03529411764705892
20211109,32.28,32.31,29.96,30.66,435376690,-0.004545454545454519
20211110,29.32,30.85,28.78,29.46,414540580,-0.03913894324853229
20211111,30.45,30.59,29.78,30.39,212011020,0.031568228105906204
20211112,30.01,30.68,29.63,30.39,267895990,0.0
20211115,30.55,30.64,29.25,30.03,252704970,-0.011846001974333609
20211116,29.75,30.39,29.71,30.2,162301890,0.00566100566100558
20211117,30.41,30.51,28.8,29.26,239679990,-0.031125827814569407
20211118,32.36,32.76,31.32,31.68,565105640,0.08270676691729317
20211119,32.25,33.09,31.91,32.99,378393060,0.041351010101010166
20211122,33.52,34.65,31.9,31.96,540479930,-0.03122158229766603
20211123,31.54,32.36,30.88,31.75,387846570,-0.0065707133917396465
20211124,31.46,32.86,30.93,32.67,288880390,0.028976377952755872
20211126,32.54,32.71,31.35,31.5,174770280,-0.03581267217630857
20211129,32.38,33.41,32.04,33.38,295575000,0.05968253968253978
20211130,33.17,33.35,31.86,32.68,376898540,-0.02097064110245661
20211201,33.22,33.29,31.38,31.44,353374040,-0.03794369645042839
20211202,31.21,32.48,31.03,32.13,321740830,0.021946564885496178
20211203,32.0,32.13,30.13,30.69,364547920,-0.04481792717086841
20211206,29.88,30.24,28.04,30.04,466439750,-0.021179537308569585
20211207,30.96,32.45,30.65,32.43,436005510,0.07956058588548598
20211208,31.99,32.29,31.42,31.83,350400050,-0.018501387604070385
20211209,31.72,32.21,30.43,30.49,347869750,-0.04209864907320138
20211210,31.15,31.31,29.86,30.2,350063480,-0.009511315185306679
20211213,30.24,30.29,28.12,28.16,437141510,-0.06754966887417213
20211214,27.69,28.68,27.25,28.34,482153900,0.006392045454545414
20211215,28.4,30.5,27.84,30.46,509037600,0.0748059280169373
20211216,31.15,31.16,28.09,28.39,486229500,-0.06795797767564016
20211217,27.99,28.92,27.76,27.8,395237830,-0.020781965480803133
20211220,27.31,28.14,27.15,27.72,318048180,-0.0028776978417266452
20211221,28.37,29.12,27.4,29.08,374419060,0.04906204906204903
20211222,28.89,29.56,28.45,29.4,271926520,0.011004126547455195
20211223,29.76,30.06,29.43,29.64,232968080,0.008163265306122547
20211227,29.66,31.09,29.64,30.95,287129330,0.04419703103913619
20211228,31.31,31.33,30.01,30.32,284122910,-0.020355411954765756
20211229,30.29,30.55,29.37,30.0,240161220,-0.01055408970976257
20211230,29.83,30.46,29.54,29.59,222722190,-0.013666666666666716
20211231,29.67,30.03,29.33,29.41,182361000,-0.006083136194660388
20220103,29.82,30.71,29.79,30.12,262241150,0.024141448486909134
20220104,30.26,30.47,28.35,29.29,350300780,-0.027556440903054535
20220105,28.95,29.42,27.53,27.6,317031690,-0.0576988733356093
20220106,27.64,28.44,27.07,28.18,303705540,0.021014492753623104
20220107,28.14,28.42,27.06,27.25,271406560,-0.03300212916962386
20220110,26.58,27.47,25.64,27.4,400401890,0.005504587155963359
20220111,27.32,28.07,26.84,27.82,282382660,0.01532846715328473
20220112,28.07,28.6,27.61,28.0,266485620,0.006470165348670065
20220113,28.38,28.48,26.5,26.58,359228060,-0.05071428571428582
20220114,26.3,27.2,26.21,26.94,267303940,0.013544018058690765
20220118,26.26,26.64,25.77,25.9,267250410,-0.03860430586488506
20220119,26.07,26.54,25.05,25.07,324521750,-0.032046332046332004
20220120,25.31,25.58,24.08,24.15,285300820,-0.03669724770642213
20220121,23.54,24.82,23.26,23.37,481231760,-0.032298136645962594
20220124,22.33,23.38,20.89,23.37,616706380,0.0
20220125,22.56,22.94,22.0,22.32,439264950,-0.04492939666238771
20220126,23.24,24.06,22.3,22.77,518918790,0.020161290322580516
20220127,23.57,24.0,21.68,21.94,389214210,-0.03645147123407988
20220128,22.0,22.86,21.3,22.84,377888520,0.04102096627164986
20220131,23.18,24.51,23.05,24.49,389752370,0.07224168126094566
20220201,25.1,25.15,23.89,24.64,357275810,0.0061249489587587025
20220202,25.8,25.82,24.55,25.24,357514800,0.024350649350649345
20220203,24.43,25.08,23.78,23.95,254446300,-0.0511093502377179
20220204,23.94,24.64,23.63,24.32,226073100,0.01544885177453037
20220207,24.36,25.18,24.2,24.73,252210050,0.016858552631578982
20220208,24.36,25.23,23.98,25.11,273956870,0.015365952284674522
20220209,25.62,26.73,25.35,26.71,346683390,0.06371963361210686
20220210,26.0,26.93,25.6,25.82,344077750,-0.033320853612879064
20220211,25.92,26.15,23.77,23.95,392908620,-0.07242447714949651
20220214,23.94,24.88,23.76,24.27,295474340,0.013361169102296566
20220215,24.93,26.54,24.78,26.5,484946130,0.09188298310671605
20220216,26.26,26.58,25.55,26.51,455979360,0.0003773584905661931
20220217,25.63,25.79,24.17,24.51,564234060,-0.07544322897019995
20220218,24.67,24.99,23.1,23.64,523117200,-0.03549571603427182
20220222,23.03,24.06,23.0,23.39,433858490,-0.010575296108290999
20220223,23.8,24.16,22.3,22.39,376530660,-0.04275331338178712
20220224,21.02,23.8,20.89,23.75,511685500,0.060741402411790935
20220225,23.72,24.22,23.38,24.16,377876310,0.01726315789473687
20220228,23.99,24.67,23.71,24.39,297926720,0.009519867549668826
20220301,24.29,24.38,23.13,23.48,283296280,-0.03731037310373109
20220302,23.76,24.41,23.42,24.22,271719470,0.03151618398637135
20220303,24.26,24.33,23.47,23.71,248834420,-0.021056977704376423
20220304,23.38,23.68,22.48,22.94,304022520,-0.032475748629270385
20220307,22.82,23.03,21.33,21.35,299192020,-0.06931124673060152
20220308,21.3,22.37,20.65,21.51,395510410,0.007494145199063329
20220309,22.39,23.22,22.25,23.01,341591230,0.06973500697350077
20220310,22.55,22.79,21.88,22.66,271786980,-0.01521077792264236
20220311,23.02,23.15,22.05,22.1,234334710,-0.024713150926743088
20220314,21.8,22.26,21.16,21.33,256381050,-0.034841628959276116
20220315,21.53,23.04,21.32,22.97,331845790,0.07688701359587435
20220316,23.51,24.6,23.17,24.5,464008460,0.06660861993905098
20220317,24.11,24.84,23.91,24.77,328793520,0.011020408163265216
20220318,24.8,26.57,24.62,26.45,471711070,0.06782398062171979
20220321,26.51,27.15,25.97,26.73,410664760,0.010586011342154977
20220322,26.73,27.24,26.07,26.52,389852240,-0.007856341189674598
20220323,26.13,26.61,25.58,25.63,357518040,-0.03355957767722473
20220324,26.16,28.32,25.91,28.15,628957760,0.09832227857978926
20220325,27.89,28.36,27.27,27.69,420452840,-0.0163410301953818
20220328,27.76,28.25,27.21,28.22,288471860,0.01914048392921619
20220329,28.7,28.95,27.98,28.66,328994380,0.015591778880226892
20220330,28.3,28.5,27.5,27.69,313406880,-0.03384508025122113
20220331,27.77,28.25,27.27,27.29,341612040,-0.014445648248465282
20220401,27.36,27.5,26.27,26.71,359881160,-0.02125320630267491
20220404,26.73,27.56,26.61,27.36,263101890,0.02433545488581057
20220405,27.27,27.32,25.82,25.93,291365750,-0.05226608187134507
20220406,24.93,25.3,24.0,24.41,482325470,-0.058619359814886196
20220407,24.44,24.72,23.48,24.21,394338220,-0.008193363375665674
20220408,23.92,23.92,23.06,23.12,380644260,-0.045022717885171426
20220411,22.21,22.32,21.66,21.92,377329770,-0.05190311418685123
20220412,22.54,22.73,21.28,21.5,440066770,-0.019160583941605913
20220413,21.73,22.5,21.46,22.2,359595270,0.032558139534883734
20220414,22.51,22.78,21.16,21.26,384011320,-0.04234234234234224
20220418,21.2,22.09,21.08,21.78,386272390,0.024459078080903085
20220419,21.73,22.37,21.31,22.2,366258320,0.01928374655647369
20220420,22.51,22.67,21.2,21.48,331882660,-0.032432432432432434
20220421,21.7,22.39,20.0,20.18,457347610,-0.06052141527001864
20220422,20.32,20.49,19.5,19.52,417229660,-0.032705649157581784
20220425,19.2,19.95,19.1,19.9,482385610,0.019467213114753967
20220426,19.72,19.79,18.67,18.79,467827690,-0.05577889447236184
20220427,18.6,19.17,18.29,18.42,362794970,-0.019691325172964236
20220428,18.96,20.04,18.49,19.78,416175210,0.07383279044516833
20220429,19.4,20.13,18.52,18.55,339940980,-0.062184024266936366
20220502,18.54,19.57,18.39,19.53,429002530,0.05283018867924527
20220503,19.4,19.83,19.13,19.6,362133790,0.0035842293906809264
20220504,19.93,20.4,18.75,20.33,478437460,0.03724489795918351
20220505,19.87,19.93,18.5,18.84,451974860,-0.0732907033939989
20220506,18.72,19.51,17.99,18.68,476243030,-0.00849256900212314
20220509,18.03,18.26,16.83,16.95,463857930,-0.09261241970021417
20220510,17.69,18.2,17.03,17.6,567733790,0.038348082595870414
20220511,17.33,17.75,16.57,16.63,483906450,-0.05511363636363653
20220512,16.24,16.79,15.57,16.18,509234370,-0.027059530968129852
20220513,16.79,17.93,16.59,17.71,499596680,0.09456118665018542
20220516,17.51,17.79,17.11,17.26,406357260,-0.02540937323546011
20220517,18.07,18.37,17.63,18.18,446325150,0.05330243337195828
20220518,17.71,18.12,16.86,16.94,402479950,-0.06820682068206807
20220519,16.94,17.69,16.73,17.12,487958760,0.010625737898465104
20220520,17.34,17.41,15.76,16.69,564582680,-0.025116822429906538
20220523,16.26,16.92,16.18,16.9,495041940,0.012582384661473878
20220524,16.52,16.6,15.78,16.15,444239470,-0.044378698224852076
20220525,16.02,17.11,16.0,16.98,544166960,0.05139318885448918
20220526,16.03,18.09,16.02,17.85,748619370,0.051236749116607916
20220527,18.19,18.88,18.1,18.81,519819170,0.053781512605041826
20220531,18.98,19.2,18.35,18.67,445529270,-0.0074428495481125845
20220601,18.72,19.05,18.12,18.32,416309100,-0.018746652383503037
20220602,18.29,19.62,18.2,19.59,487945440,0.06932314410480345
20220603,19.08,19.33,18.52,18.72,441068080,-0.0444104134762634
20220606,19.14,19.34,18.56,18.79,317465390,0.003739316239316226
20220607,18.46,19.0,18.19,18.93,285950340,0.007450771687067537
20220608,18.8,19.18,18.54,18.65,279727930,-0.014791336502905539
20220609,18.48,18.93,18.04,18.05,287847670,-0.03217158176943691
20220610,17.6,17.7,16.87,16.97,331730900,-0.059833795013850555
20220613,16.0,16.31,15.61,15.65,423849790,-0.07778432527990564
20220614,15.75,16.07,15.41,15.84,358242000,0.012140575079872207
20220615,16.1,16.87,15.93,16.53,431419730,0.04356060606060619
20220616,15.86,15.94,15.4,15.6,367699500,-0.056261343012704246
20220617,15.65,15.99,15.33,15.88,401295750,0.017948717948718107
20220621,16.48,17.01,16.41,16.57,354664110,0.04345088161209065
20220622,16.23,16.66,16.18,16.36,324167880,-0.012673506336753237
20220623,16.51,16.59,15.85,16.23,355468790,-0.007946210268948595
20220624,16.5,17.14,16.31,17.13,342029850,0.05545286506469482
20220627,17.31,17.33,16.63,16.87,327093370,-0.015178050204319837
20220628,16.9,17.2,15.94,15.98,331007210,-0.05275637225844698
20220629,15.81,15.82,15.17,15.54,369082450,-0.027534418022528206
20220630,15.35,15.57,14.86,15.16,513748190,-0.02445302445302444
20220701,14.9,15.06,14.4,14.52,439510920,-0.04221635883905017
20220705,14.18,14.97,14.06,14.96,500602130,0.030303030303030498
20220706,15.01,15.32,14.79,15.13,424819180,0.011363636363636465
20220707,15.46,15.94,15.39,15.86,392317260,0.04824851288830123
20220708,15.43,16.04,15.39,15.84,380763250,-0.0012610340479192184
20220711,15.52,15.53,15.04,15.15,317588580,-0.04356060606060608
20220712,15.27,15.43,14.88,15.08,332076970,-0.0046204620462045876
20220713,14.6,15.38,14.47,15.16,388305030,0.0053050397877985045
20220714,15.11,15.47,14.73,15.37,347297000,0.01385224274406327
20220715,15.66,15.78,15.44,15.76,271798760,0.025374105400130187
20220718,16.31,16.9,16.0,16.1,511148750,0.021573604060913798
20220719,16.49,17.11,16.17,16.99,528096200,0.05527950310558993
20220720,16.95,17.93,16.8,17.81,587134880,0.04826368452030616
20220721,17.89,18.14,17.54,18.05,409726470,0.013475575519371175
20220722,17.89,17.97,17.14,17.32,399863070,-0.04044321329639888
20220725,17.02,17.12,16.65,17.02,365871260,-0.01732101616628179
20220726,16.9,16.92,16.48,16.53,291034230,-0.028789659224441766
20220727,17.03,17.94,16.91,17.79,413291780,0.07622504537205077
20220728,17.95,18.14,17.44,17.98,355300300,0.010680157391793177
20220729,17.81,18.24,17.69,18.16,314218160,0.010011123470522687
20220801,18.19,18.85,17.99,18.44,358531400,0.01541850220264318
20220802,18.13,18.94,18.09,18.53,369170440,0.0048806941431669415
20220803,18.18,18.97,18.14,18.89,304057510,0.019427954668105762
20220804,18.85,19.27,18.76,19.22,315210360,0.017469560614081336
20220805,18.81,19.23,18.67,18.99,285806800,-0.01196670135275757
20220808,17.5,18.24,17.24,17.79,734353350,-0.06319115323854652
20220809,17.25,17.45,16.72,17.09,515827570,-0.03934794828555366
20220810,17.7,18.12,17.32,18.1,443197760,0.059098888238736214
20220811,18.12,18.71,17.88,17.94,395063500,-0.008839779005524906
20220812,18.16,18.72,17.95,18.71,366769700,0.04292084726867329
20220815,18.71,19.16,18.61,19.03,357335990,0.017103153393907
20220816,18.92,19.14,18.5,18.88,335507790,-0.0078822911192854
20220817,18.53,18.69,18.15,18.34,342053560,-0.028601694915254217
20220818,18.3,18.87,18.18,18.77,316366710,0.023446019629225656
20220819,18.41,18.52,17.77,17.85,326601600,-0.04901438465636643
20220822,17.49,17.56,16.97,17.03,303057620,-0.045938375350140115
20220823,17.0,17.47,16.97,17.18,276540090,0.008807985907222537
20220824,17.03,17.41,16.9,17.22,361668290,0.002328288707799775
20220825,16.84,17.95,16.83,17.91,601133930,0.04006968641114983
20220826,17.85,17.92,16.24,16.26,575323060,-0.09212730318257945
20220829,16.01,16.34,15.77,15.8,375118240,-0.02829028290282909
20220830,15.96,16.04,15.18,15.47,398808400,-0.02088607594936709
20220831,15.37,15.54,14.96,15.09,387021240,-0.024563671622495176
20220901,14.21,14.38,13.27,13.94,889576830,-0.07620941020543404
20220902,14.1,14.17,13.59,13.65,561640590,-0.020803443328550886
20220906,13.72,13.78,13.35,13.47,406741280,-0.01318681318681314
20220907,13.57,13.84,13.35,13.71,373370130,0.017817371937639104
20220908,13.46,14.01,13.37,13.99,486368490,0.020423048869438354
20220909,14.15,14.47,14.13,14.39,369845210,0.028591851322373074
20220912,14.37,14.55,14.2,14.51,383095900,0.008339124391938846
20220913,13.81,13.92,13.1,13.13,498430700,-0.09510682288077177
20220914,13.25,13.29,12.91,13.13,443831170,0.0
20220915,13.02,13.23,12.79,12.93,394371290,-0.01523229246001534
20220916,12.74,13.21,12.62,13.2,488733610,0.02088167053364276
20220919,13.01,13.46,13.01,13.38,444390160,0.013636363636363669
20220920,13.22,13.48,13.06,13.18,430669440,-0.014947683109118204
20220921,13.21,14.03,13.11,13.26,648509830,0.006069802731411222
20220922,13.07,13.15,12.43,12.56,607873900,-0.05279034690799389
20220923,12.42,12.61,12.26,12.52,519385610,-0.0031847133757962887
20220926,12.5,12.66,12.21,12.23,411905000,-0.02316293929712454
20220927,12.51,12.74,12.26,12.41,443205860,0.014717906786590351
20220928,12.41,12.82,12.35,12.74,414660410,0.02659145850120881
20220929,12.45,12.5,11.95,12.22,405216790,-0.04081632653061218
20220930,12.09,12.63,12.08,12.14,432336630,-0.006546644844517169
20221003,12.35,12.68,12.11,12.51,424971280,0.030477759472817167
20221004,12.88,13.22,12.88,13.17,448122480,0.052757793764988126
20221005,12.92,13.32,12.62,13.21,412685920,0.0030372057706911093
20221006,13.22,13.66,13.1,13.13,519648430,-0.006056018168054456
20221007,12.51,12.67,12.02,12.08,511663090,-0.07996953541508
20221010,12.04,12.13,11.41,11.67,547046640,-0.03394039735099341
20221011,11.56,11.85,11.28,11.59,523334410,-0.006855184233076295
20221012,11.58,11.74,11.35,11.5,383016470,-0.007765314926660882
20221013,10.97,12.08,10.81,11.96,686214800,0.040000000000000036
20221014,12.06,12.11,11.2,11.23,583906000,-0.06103678929765888
20221017,11.52,11.95,11.52,11.89,467617380,0.05877114870881561
20221018,12.34,12.49,11.62,11.97,553251210,0.006728343145500526
20221019,11.89,12.35,11.83,12.05,425515050,0.006683375104427736
20221020,12.11,12.77,12.11,12.19,536496170,0.011618257261410747
20221021,12.1,12.5,11.89,12.47,499396170,0.022969647251845915
20221024,12.51,12.71,12.06,12.6,424023160,0.010425020048115297
20221025,12.7,13.3,12.66,13.26,400765600,0.05238095238095242
20221026,12.87,13.39,12.71,12.9,413207830,-0.02714932126696823
20221027,13.63,13.84,13.12,13.18,436917830,0.021705426356589008
20221028,13.12,13.85,13.06,13.83,408904800,0.04931714719271629
20221031,13.77,13.84,13.3,13.5,377548320,-0.02386117136659438
20221101,13.81,13.93,13.52,13.54,344730510,0.002962962962962834
20221102,13.85,14.21,13.21,13.22,536117480,-0.023633677991137247
20221103,13.05,13.78,12.96,13.42,395782740,0.015128593040847127
20221104,13.99,14.23,13.7,14.16,464755810,0.055141579731743606
20221107,14.23,14.41,13.95,14.3,326772690,0.009887005649717562
20221108,14.8,14.89,14.22,14.6,475470620,0.020979020979020824
20221109,14.16,14.21,13.76,13.78,344688000,-0.05616438356164388
20221110,14.8,15.77,14.55,15.75,513296030,0.14296081277213357
20221111,15.81,16.39,15.48,16.33,507422720,0.03682539682539665
20221114,16.22,16.54,15.92,16.29,411147810,-0.0024494794856092517
20221115,16.73,17.0,16.38,16.67,413182440,0.023327194597912992
20221116,16.14,16.36,15.87,15.91,433227640,-0.045590881823635354
20221117,15.74,16.27,15.54,15.68,557612650,-0.014456316781898182
20221118,15.97,16.0,15.12,15.41,385719510,-0.01721938775510201
20221121,15.15,15.48,15.08,15.32,304610060,-0.005840363400389403
20221122,15.34,16.06,15.12,16.04,375622890,0.04699738903394257
20221123,16.1,16.53,16.05,16.52,343172170,0.029925187032419087
20221125,16.31,16.49,16.17,16.27,132612460,-0.015133171912832921
20221128,16.03,16.36,15.72,15.83,218654180,-0.02704363859864778
20221129,15.83,15.93,15.52,15.64,239470370,-0.012002526847757378
20221130,15.69,16.93,15.6,16.92,400163670,0.08184143222506401
20221201,17.01,17.27,16.64,17.14,336546240,0.013002364066193817
20221202,16.66,16.93,16.45,16.88,270944860,-0.015169194865811031
20221205,16.68,17.0,16.47,16.61,247265780,-0.015995260663507094
20221206,16.53,16.57,15.82,15.99,267666660,-0.03732691149909684
20221207,15.77,16.19,15.67,16.12,292181010,0.008130081300813163
20221208,16.27,17.18,15.96,17.17,396220960,0.06513647642679898
20221209,17.16,17.58,16.98,17.0,349088060,-0.00990099009901002
20221212,17.04,17.54,16.8,17.54,349161500,0.03176470588235292
20221213,18.5,18.79,17.71,18.07,465231190,0.030216647662485885
20221214,17.99,18.25,17.42,17.67,377992410,-0.022136137244050835
20221215,17.15,17.32,16.7,16.95,344646230,-0.04074702886247894
20221216,16.88,17.04,16.41,16.57,311715820,-0.022418879056047114
20221219,16.59,16.61,16.15,16.25,268554040,-0.01931200965600488
20221220,16.06,16.31,15.85,16.09,295295880,-0.009846153846153838
20221221,16.11,16.63,16.1,16.5,247833560,0.025481665630826544
20221222,16.1,16.14,14.88,15.34,440190270,-0.07030303030303031
20221223,15.2,15.34,14.88,15.21,273724380,-0.008474576271186418
20221227,15.07,15.1,14.06,14.12,370953940,-0.07166337935568712
20221228,13.93,14.26,13.88,14.04,278150880,-0.005665722379603388
20221229,14.4,14.68,14.23,14.6,274338350,0.03988603988603989
20221230,14.33,14.63,14.23,14.61,238320070,0.00068493150684934
20230103,14.87,15.0,14.1,14.32,314701170,-0.019849418206707714
20230104,14.57,14.85,14.24,14.75,339224850,0.0300279329608939
20230105,14.49,14.56,14.15,14.27,285617260,-0.032542372881355974
20230106,14.46,15.01,14.03,14.86,310489780,0.041345480028030845
20230109,15.28,16.06,15.14,15.63,392015000,0.05181695827725452
20230110,15.49,15.96,15.47,15.91,298605100,0.01791426743442104
20230111,15.83,16.03,15.56,16.0,267793960,0.0056568196103079504
20230112,16.1,16.64,15.49,16.51,432805120,0.0318750000000001
20230113,16.28,16.92,16.17,16.9,352007600,0.023622047244094224
20230117,16.9,17.73,16.9,17.7,390921880,0.047337278106508895
20230118,17.67,17.87,17.28,17.38,341592860,-0.01807909604519775
20230119,17.06,17.2,16.73,16.77,352828850,-0.03509781357882624
20230120,17.0,17.86,16.83,17.84,416034340,0.06380441264162195
20230123,18.07,19.25,17.82,19.19,516154190,0.0756726457399104
20230124,18.83,19.5,18.82,19.27,393909980,0.004168837936425085
20230125,18.91,19.37,18.58,19.32,368409560,0.002594706798131785
20230126,19.72,20.17,19.28,19.8,377190080,0.024844720496894457
20230127,19.46,20.63,19.41,20.37,426785890,0.028787878787878807
20230130,19.96,20.14,19.15,19.16,371411800,-0.05940108001963673
20230131,19.17,19.69,18.95,19.54,374546990,0.019832985386221136
20230201,19.7,21.19,19.61,20.94,509867280,0.07164790174002067
20230202,21.0,21.95,20.96,21.71,420849560,0.036771728748806076
20230203,20.98,21.75,20.79,21.1,315339850,-0.028097650852141887
20230206,20.81,21.57,20.79,21.09,355925060,-0.00047393364928915993
20230207,21.38,22.26,21.15,22.17,516568640,0.05120910384068278
20230208,22.38,22.88,22.01,22.21,420047970,0.0018042399639150997
20230209,22.61,23.02,22.12,22.34,404418850,0.005853219270598675
20230210,21.69,22.08,20.81,21.27,426638900,-0.04789615040286488
20230213,21.53,22.05,20.96,21.79,365875370,0.02444757874941228
20230214,21.57,23.05,21.37,22.97,518455330,0.05415328132170716
20230215,22.55,22.86,22.11,22.76,319154460,-0.009142359599477512
20230216,22.13,22.55,21.93,22.0,300775930,-0.033391915641476366
20230217,21.63,21.74,20.98,21.39,359234850,-0.02772727272727271
20230221,21.0,21.49,20.62,20.66,288065990,-0.03412809724170174
20230222,20.72,21.1,20.42,20.75,321188720,0.004356243949661165
20230223,23.44,23.89,23.03,23.66,821311640,0.14024096385542162
20230224,23.23,23.47,22.95,23.29,436638020,-0.015638207945900318
20230227,23.68,23.88,23.45,23.5,335621330,0.009016745384285096
20230228,23.37,23.83,23.21,23.22,310486770,-0.01191489361702136
20230301,23.21,23.26,22.51,22.7,318001970,-0.02239448751076656
20230302,22.48,23.38,22.43,23.31,287034660,0.026872246696035162
20230303,23.32,23.9,23.13,23.89,295211210,0.024882024882024956
20230306,23.89,24.25,23.49,23.55,325715930,-0.014231896190874838
20230307,23.6,24.13,23.24,23.29,398384610,-0.011040339702760193
20230308,23.49,24.2,23.42,24.18,403128400,0.038213825676255864
20230309,24.18,24.45,23.38,23.44,377439270,-0.03060380479735314
20230310,23.41,23.63,22.73,22.97,347514550,-0.020051194539249195
20230313,22.75,23.3,22.3,22.97,294697580,0.0
20230314,23.5,24.22,23.46,24.06,345829070,0.047453199825859826
20230315,23.76,24.29,23.36,24.23,373823320,0.007065669160432275
20230316,24.02,25.59,23.89,25.54,417624740,0.05406520841931495
20230317,25.98,26.4,25.67,25.73,524466400,0.007439310884886474
20230320,25.61,26.02,25.13,25.9,309844380,0.00660707345511069
20230321,26.19,26.39,25.38,26.2,409593610,0.01158301158301156
20230322,26.43,27.59,26.24,26.47,609638410,0.010305343511450404
20230323,27.11,27.5,26.69,27.19,407784320,0.027200604457876976
20230324,27.03,27.17,26.36,26.78,329942970,-0.015079073188672298
20230327,26.84,27.0,26.36,26.53,274184400,-0.00933532486930544
20230328,26.45,26.51,25.85,26.41,265431140,-0.004523181304183943
20230329,26.83,27.08,26.6,26.98,276807280,0.021582733812949728
20230330,27.23,27.5,27.1,27.38,260111430,0.014825796886582587
20230331,27.14,27.84,27.11,27.78,306824880,0.014609203798393144
20230403,27.5,28.0,27.34,27.96,286964260,0.00647948164146861
20230404,27.96,28.0,27.31,27.45,267517650,-0.018240343347639576
20230405,26.83,27.0,26.4,26.88,364726850,-0.020765027322404372
20230406,26.58,27.08,26.43,27.04,276750270,0.005952380952380931
20230410,26.82,27.62,26.67,27.58,278027330,0.019970414201183395
20230411,27.73,27.79,27.13,27.17,222523540,-0.01486584481508324
20230412,27.37,27.47,26.45,26.5,332632030,-0.02465955097534056
20230413,26.73,26.89,26.33,26.46,251414480,-0.0015094339622641062
20230414,26.51,26.88,26.22,26.76,295751150,0.01133786848072571
20230417,26.57,27.01,26.43,27.0,234630930,0.008968609865470878
20230418,27.53,28.11,27.36,27.67,463571590,0.024814814814814845
20230419,27.37,28.0,27.23,27.93,271865440,0.00939645825804103
20230420,27.67,28.03,27.0,27.1,310727340,-0.029717150017901872
20230421,26.95,27.18,26.72,27.12,250439190,0.0007380073800737907
20230424,27.01,27.37,26.67,27.04,234010370,-0.002949852507374673
20230425,27.08,27.25,26.23,26.24,273007960,-0.029585798816568087
20230426,26.99,27.33,26.71,26.96,304106800,0.027439024390244038
20230427,27.36,27.5,26.63,27.23,271661550,0.010014836795252169
20230428,27.23,27.76,27.07,27.75,205061160,0.019096584649283876
20230501,27.84,29.06,27.78,28.91,442788990,0.04180180180180182
20230502,28.68,28.84,28.08,28.21,294075710,-0.02421307506053272
20230503,27.84,28.37,27.47,27.8,286455510,-0.014533853243530626
20230504,27.65,27.86,27.24,27.56,231599280,-0.008633093525179936
20230505,27.83,28.76,27.73,28.68,246927990,0.04063860667634267
20230508,28.52,29.22,28.35,29.15,263280490,0.016387726638772637
20230509,28.9,28.97,28.45,28.57,216547570,-0.01989708404802737
20230510,29.01,29.11,28.46,28.89,263778480,0.011200560028001405
20230511,28.91,28.95,28.25,28.58,232357380,-0.010730356524749074
20230512,28.53,28.78,28.05,28.34,195365140,-0.008397480755773179
20230515,28.51,28.97,28.15,28.95,211567350,0.02152434721242069
20230516,28.84,29.87,28.83,29.21,342816880,0.00898100172711569
20230517,29.59,30.2,29.43,30.18,308266090,0.033207805546045854
20230518,30.41,31.83,30.32,31.68,561984250,0.0497017892644136
20230519,31.52,31.58,30.92,31.26,342385970,-0.01325757575757569
20230522,30.91,31.52,30.68,31.18,270739820,-0.002559181062060212
20230523,31.01,31.29,30.63,30.69,251661450,-0.0157152020525978
20230524,30.21,30.61,29.81,30.54,365874680,-0.00488758553274693
20230525,38.54,39.48,36.64,37.98,1019104590,0.24361493123772093
20230526,37.9,39.17,37.55,38.95,503171900,0.02553975776724604
20230530,40.61,41.94,39.95,40.11,641889030,0.029781771501925514
20230531,39.51,40.3,37.82,37.83,564593160,-0.05684367988032912
20230601,38.49,40.05,38.34,39.77,427076270,0.05128205128205132
20230602,40.1,40.5,39.06,39.33,340668390,-0.011063615790797177
20230605,38.9,39.57,38.71,39.17,279144600,-0.004068141367912448
20230606,38.83,39.16,38.15,38.65,281738730,-0.013275465917794271
20230607,38.93,39.5,37.36,37.48,364941650,-0.03027166882276844
20230608,37.72,38.86,37.51,38.51,296883500,0.02748132337246534
20230609,39.05,39.71,38.57,38.77,300193500,0.006751493118670515
20230612,39.2,39.53,38.62,39.48,265912680,0.018313128707763582
20230613,40.17,41.1,39.74,41.02,435364870,0.03900709219858167
20230614,40.81,43.0,40.55,43.0,526088400,0.04826913700633839
20230615,42.6,43.29,42.15,42.65,399232660,-0.008139534883720989
20230616,43.43,43.72,42.66,42.69,415881100,0.0009378663540444698
20230620,43.0,43.99,42.68,43.81,298922880,0.026235652377606167
20230621,43.5,43.62,42.08,43.05,394900200,-0.017347637525679138
20230622,42.25,43.43,42.23,43.02,289931170,-0.0006968641114981633
20230623,42.46,42.81,42.02,42.21,250692010,-0.01882845188284521
20230626,42.46,42.76,40.1,40.63,428744650,-0.03743188817815679
20230627,40.79,41.94,40.45,41.88,321722580,0.030765444253014973
20230628,40.66,41.85,40.52,41.12,412700670,-0.018147086914995336
20230629,41.56,41.6,40.6,40.82,274378660,-0.007295719844357951
20230630,41.67,42.55,41.5,42.3,339540540,0.036256736893679475
20230703,42.51,42.9,42.2,42.41,139073370,0.002600472813238719
20230705,42.13,43.18,42.08,42.32,233032470,-0.0021221410044799383
20230706,41.87,42.18,41.35,42.1,203691420,-0.0051984877126654006
20230707,42.32,43.21,42.18,42.5,249267300,0.009501187648456089
20230710,42.66,42.81,41.65,42.18,242853820,-0.007529411764705896
20230711,42.49,42.76,42.07,42.41,201128020,0.0054528212422948474
20230712,43.04,43.94,42.78,43.9,326057660,0.035133223296392346
20230713,44.51,46.16,44.49,45.98,324623810,0.04738041002277904
20230714,46.58,48.04,45.06,45.47,563140360,-0.011091779034362759
20230717,46.29,46.5,45.26,46.46,374097490,0.02177259731691228
20230718,46.7,47.9,45.73,47.49,410653880,0.022169608265174334
20230719,47.47,47.82,46.74,47.08,304813220,-0.008633396504527324
20230720,46.51,47.09,45.06,45.52,373524480,-0.03313508920985542
20230721,45.87,45.87,44.1,44.31,384838940,-0.026581722319859447
20230724,44.73,45.11,44.04,44.61,261424140,0.00677048070413
20230725,44.94,46.18,44.92,45.68,243777300,0.02398565344093262
20230726,46.04,46.05,44.63,45.45,262045160,-0.005035026269702203
20230727,46.52,47.4,45.75,45.9,333439830,0.00990099009900991
20230728,46.68,47.03,46.38,46.75,229269150,0.0185185185185186
20230731,46.75,47.13,46.51,46.73,173878000,-0.00042780748663107104
20230801,46.46,46.9,46.03,46.51,166299940,-0.004707896426278557
20230802,45.83,45.84,43.39,44.27,380954870,-0.04816168565899792
20230803,43.8,45.12,43.8,44.52,227474800,0.005647165123108255
20230804,44.99,45.64,44.39,44.68,249699510,0.003593890386343057
20230807,45.12,45.54,44.56,45.42,227891850,0.016562220232766434
20230808,44.88,45.24,44.06,44.66,255877380,-0.016732716864817365
20230809,44.27,44.31,42.13,42.55,428868870,-0.047245857590685114
20230810,42.16,43.57,41.84,42.39,359077290,-0.0037602820211515287
20230811,41.77,42.02,40.64,40.86,391512460,-0.03609341825902335
20230814,40.52,43.8,40.31,43.75,498936480,0.07072931962799811
20230815,44.57,45.27,43.71,43.94,501393630,0.004342857142856982
20230816,44.52,44.68,43.41,43.49,370311920,-0.010241238051888812
20230817,43.96,44.06,43.0,43.34,313781780,-0.0034490687514371343
20230818,42.63,43.58,41.66,43.3,445380670,-0.0009229349330873715
20230821,44.5,47.07,44.22,46.97,483803870,0.08475750577367203
20230822,48.14,48.19,45.33,45.67,553496350,-0.02767724079199485
20230823,45.87,47.2,45.21,47.12,432330040,0.031749507335230964
20230824,50.22,50.27,47.16,47.16,800780430,0.000848896434634927
20230825,47.01,47.81,45.02,46.02,692323160,-0.024173027989821794
20230828,46.48,46.98,44.89,46.84,509988930,0.01781833985223824
20230829,46.66,49.08,46.39,48.78,526573240,0.04141759180187865
20230830,49.04,49.93,48.43,49.26,526576660,0.009840098400983877
20230831,49.38,49.74,48.96,49.36,350087250,0.002030044660982666
20230901,49.77,49.8,48.14,48.51,340698680,-0.017220421393841168
20230905,48.23,48.85,47.86,48.55,270381000,0.0008245722531436961
20230906,48.46,48.55,46.59,47.06,343079570,-0.03069001029866103
20230907,45.52,46.34,45.15,46.24,300620440,-0.01742456438589035
20230908,45.97,46.61,45.27,45.57,320999590,-0.014489619377162644
20230911,46.15,46.16,44.31,45.18,331029820,-0.008558262014483176
20230912,44.74,45.67,44.53,44.87,244508860,-0.006861443116423227
20230913,44.6,45.93,44.5,45.49,283788150,0.013817695564965593
20230914,45.94,45.99,45.13,45.58,256814300,0.0019784568036931294
20230915,45.34,45.6,43.81,43.9,317470940,-0.03685827117156648
20230918,42.75,44.24,42.0,43.97,369915160,0.0015945330296127658
20230919,43.83,43.97,43.0,43.52,274335960,-0.010234250625426378
20230920,43.6,43.9,42.22,42.24,264958390,-0.02941176470588236
20230921,41.59,42.1,40.98,41.02,325047270,-0.02888257575757569
20230922,41.57,42.12,41.23,41.61,345573920,0.014383227693807843
20230925,41.59,42.54,41.18,42.22,309434230,0.014659937515020482
20230926,42.01,42.82,41.66,41.91,293477670,-0.007342491710090049
20230927,42.32,42.87,41.63,42.47,336419810,0.01336196611787166
20230928,42.47,43.45,42.12,43.09,327567460,0.014598540145985606
20230929,43.83,44.14,43.31,43.5,293673940,0.009514968670224944
20231002,44.03,45.18,43.86,44.78,327219690,0.029425287356321883
20231003,44.82,45.13,43.25,43.52,351612220,-0.02813756141134427
20231004,43.74,44.14,43.29,44.04,265288770,0.011948529411764719
20231005,44.05,44.9,43.89,44.69,284563450,0.014759309718437752
20231006,44.19,45.79,44.03,45.76,304975130,0.02394271649138502
20231009,44.84,45.61,44.37,45.27,294982920,-0.01070804195804187
20231010,45.34,46.26,45.09,45.8,263006810,0.011707532582283964
20231011,46.18,46.86,46.05,46.81,276990130,0.02205240174672496
20231012,46.77,47.61,46.33,46.95,358216160,0.00299081392864764
20231013,46.96,47.12,45.28,45.46,338401020,-0.03173588924387649
20231016,45.06,46.23,44.91,46.1,270965380,0.014078310602727795
20231017,43.96,44.75,42.48,43.94,595394980,-0.046854663774403504
20231018,42.6,43.22,41.83,42.2,454739610,-0.03959945380063712
20231019,42.81,43.3,41.88,42.1,358041680,-0.0023696682464455776
20231020,41.89,42.47,41.08,41.39,354236780,-0.016864608076009535
20231023,41.25,43.25,40.95,42.98,344115680,0.03841507610533945
20231024,43.07,43.7,42.69,43.66,277551000,0.01582131223825045
20231025,43.4,43.65,41.56,41.78,273238550,-0.04306000916170394
20231026,41.87,42.26,39.88,40.33,378793670,-0.03470560076591678
20231027,41.13,41.21,40.02,40.5,307726780,0.004215224398710582
20231030,41.09,41.77,40.48,41.16,280139480,0.016296296296296253
20231031,40.42,40.88,39.23,40.78,381309780,-0.009232264334305018
20231101,40.88,42.38,40.87,42.33,316856340,0.03800882785679249
20231102,43.35,43.88,42.89,43.51,289254360,0.027876210725253925
20231103,44.02,45.31,43.72,45.01,302018180,0.0344748333716387
20231106,45.29,45.94,44.9,45.75,300826340,0.01644079093534767
20231107,45.72,46.22,45.16,45.96,249166790,0.00459016393442635
20231108,46.1,46.87,45.97,46.57,254172460,0.013272410791993039
20231109,47.46,48.23,46.75,46.95,379603110,0.008159759501825237
20231110,47.48,48.47,47.28,48.34,283007570,0.029605963791267342
20231113,48.34,49.12,48.1,48.62,278979650,0.005792304509722568
20231114,49.7,49.83,49.04,49.66,287604720,0.021390374331550888
20231115,49.93,49.96,48.2,48.89,332079220,-0.015505436971405495
20231116,48.68,49.52,48.33,49.48,238868470,0.0120679075475556
20231117,49.5,49.72,49.01,49.3,224456160,-0.003637833468067897
20231120,49.31,50.55,49.18,50.41,275749810,0.022515212981744304
20231121,50.13,50.52,49.22,49.94,331759210,-0.009323546915294578
20231122,49.85,50.34,47.69,48.72,649877200,-0.024429315178213784
20231124,48.49,48.92,47.74,47.78,205266990,-0.019293924466338264
20231127,47.79,48.53,47.65,48.24,279775740,0.009627459187944831
20231128,48.24,48.32,47.48,47.82,288173940,-0.008706467661691586
20231129,48.38,48.76,47.86,48.14,241843360,0.006691760769552468
20231130,48.02,48.11,46.42,46.77,314199160,-0.02845866223514748
20231201,46.52,47.2,46.19,46.77,253548240,0.0
20231204,46.07,46.08,45.01,45.51,307129790,-0.02694034637588205
20231205,45.47,46.6,45.27,46.57,265807780,0.023291584267194132
20231206,47.22,47.39,45.41,45.5,266186640,-0.022976164913034114
20231207,45.7,46.63,45.6,46.6,225779720,0.024175824175824312
20231208,46.61,47.74,46.55,47.51,249990700,0.019527896995708005
20231211,47.53,47.53,45.83,46.63,350868880,-0.018522416333403346
20231212,46.05,47.67,46.05,47.66,265050160,0.022088784044606458
20231213,47.63,48.59,47.61,48.09,315948980,0.00902224087284953
20231214,48.39,48.67,47.42,48.35,264878360,0.005406529423996664
20231215,48.19,49.4,48.12,48.89,308972770,0.011168562564632945
20231218,49.39,50.43,49.15,50.08,293570120,0.024340355901002253
20231219,49.42,49.7,48.9,49.6,318300230,-0.009584664536741117
20231220,49.65,50.0,48.1,48.11,285186520,-0.03004032258064515
20231221,48.8,49.1,48.42,48.99,219131220,0.01829141550613178
20231222,49.2,49.38,48.47,48.83,185940410,-0.0032659726474791873
20231226,48.97,49.6,48.96,49.28,168801420,0.009215646119189014
20231227,49.51,49.68,49.09,49.42,167966260,0.0028409090909091717
20231228,49.65,49.88,49.41,49.52,177423360,0.0020234722784298054
20231229,49.81,50.0,48.75,49.52,286695580,0.0
20240102,49.27,49.3,47.6,48.17,285900610,-0.02726171243941844
20240103,47.47,48.19,47.32,47.57,219800480,-0.012455885405854294
20240104,47.77,48.5,47.51,48.0,215133920,0.009039310489804553
20240105,48.46,49.55,48.31,49.1,297224920,0.022916666666666696
20240108,49.51,52.27,49.48,52.25,455139400,0.0641547861507128
20240109,52.42,54.33,51.69,53.14,573595960,0.01703349282296651
20240110,53.63,54.6,53.49,54.35,391909500,0.022770041400075325
20240111,54.98,55.35,53.56,54.82,445102730,0.008647654093836277
20240112,54.62,54.97,54.33,54.71,258444660,-0.0020065669463699143
20240116,55.02,56.84,54.9,56.38,313361210,0.030524584171083946
20240117,56.35,56.47,54.74,56.05,346289760,-0.005853139411138852
20240118,57.27,57.6,56.11,57.11,345294740,0.018911685994647653
20240119,57.97,59.5,57.23,59.49,378733580,0.0416739625284539
20240122,60.05,60.33,59.07,59.65,298393040,0.0026895276517060474
20240123,59.57,59.91,58.59,59.87,206131820,0.0036881810561608663
20240124,60.3,62.85,59.94,61.36,408544900,0.024887255720728252
20240125,62.34,62.72,60.85,61.62,340953590,0.004237288135593209
20240126,60.96,61.78,60.57,61.03,271991250,-0.00957481337228172
20240129,61.25,62.49,60.91,62.46,230198190,0.023431099459282345
20240130,62.9,63.49,62.26,62.77,287145190,0.004963176432916994
20240131,61.44,62.27,60.7,61.53,314271380,-0.01975465986936442
20240201,62.11,63.19,61.65,63.03,259525930,0.024378352023403327
20240202,63.97,66.6,63.69,66.16,328047750,0.04965889259082967
20240205,68.23,69.5,67.21,69.33,469733620,0.047914147521160855
20240206,69.63,69.75,66.3,68.22,475674640,-0.016010385114669012
20240207,68.32,70.22,67.6,70.1,336664660,0.027557900908824262
20240208,70.07,70.79,69.46,69.64,275956490,-0.0065620542082738265
20240209,70.51,72.19,70.21,72.13,299076930,0.03575531303848356
20240212,72.59,74.61,71.25,72.25,425728550,0.0016636628309996127
20240213,70.43,73.45,69.62,72.13,411509190,-0.0016608996539793086
20240214,73.2,74.24,71.94,73.9,349727300,0.024539026757244065
20240215,73.85,73.98,72.4,72.66,283994590,-0.016779431664411537
20240216,74.12,74.4,72.5,72.61,339035910,-0.0006881365262867423
20240220,71.95,71.96,67.73,69.45,458646540,-0.043520176284258305
20240221,68.02,68.89,66.25,67.47,355807110,-0.02850971922246226
20240222,75.03,78.58,74.22,78.54,517572140,0.16407292129835493
20240223,80.79,82.39,77.57,78.82,557442460,0.0035650623885916666
20240226,79.7,80.65,78.51,79.09,337790410,0.00342552651611272
20240227,79.38,79.48,77.16,78.7,264398580,-0.004931091161967438
20240228,77.62,78.93,77.13,77.66,246529310,-0.013214739517153795
20240229,79.09,79.99,78.35,79.11,275400840,0.018671130569147598
20240301,80.0,82.3,79.44,82.28,314574220,0.040070787511060635
20240304,84.13,87.7,83.72,85.24,399264890,0.03597472046669892
20240305,85.24,86.1,83.42,85.96,339007010,0.008446738620365934
20240306,88.02,89.72,87.03,88.7,389958330,0.0318752908329456
20240307,90.16,92.77,89.6,92.67,374914140,0.04475760992108224
20240308,95.07,97.4,86.51,87.53,703756650,-0.055465630732707494
20240311,86.43,88.8,84.3,85.77,398568960,-0.020107391751399528
20240312,88.05,91.96,86.15,91.91,427688050,0.07158680191209044
20240313,91.06,91.5,88.44,90.89,410974110,-0.011097813078011054
20240314,89.58,90.65,86.6,87.94,392797850,-0.03245681593134564
20240315,86.93,89.55,86.26,87.84,348677390,-0.0011371389583806346
20240318,90.38,92.41,87.09,88.46,429680010,0.007058287795992602
20240319,86.67,90.54,85.01,89.4,443277570,0.010626271761248196
20240320,89.8,90.41,88.22,90.37,312045420,0.010850111856823164
20240321,92.3,92.65,90.41,91.44,303470000,0.01184021245988709
20240322,91.14,94.78,90.83,94.29,387254280,0.03116797900262469
20240325,94.0,96.77,93.51,95.0,362634870,0.0075299607593593
20240326,95.85,96.38,92.5,92.56,338848430,-0.025684210526315754
20240327,93.1,93.24,89.12,90.25,398558490,-0.02495678478824548
20240328,90.0,91.3,89.19,90.36,273192210,0.0012188365650969146
20240401,90.29,92.23,89.2,90.36,314840150,0.0
20240402,88.49,90.09,87.62,89.45,289837300,-0.01007082779991142
20240403,88.49,90.37,88.4,88.96,261838300,-0.005477920626048127
20240404,90.42,90.63,85.88,85.91,283777460,-0.03428507194244601
20240405,86.87,88.48,85.97,88.01,265866760,0.024444185775811977
20240408,88.7,88.83,86.73,87.13,184548140,-0.009998863765481314
20240409,87.44,87.64,83.02,85.35,347833790,-0.02042924365890053
20240410,83.93,87.4,83.71,87.04,282062750,0.019800820152314103
20240411,87.44,90.74,86.93,90.62,273567010,0.04113051470588225
20240412,89.7,90.17,87.53,88.19,271009000,-0.026815272566762416
20240415,89.1,90.61,85.94,86.0,293652820,-0.02483274747703823
20240416,86.47,88.12,86.06,87.42,250676590,0.0165116279069768
20240417,88.32,88.78,83.95,84.04,337087300,-0.038663921299473714
20240418,84.98,86.19,82.4,84.67,302357720,0.007496430271299426
20240419,83.13,84.32,75.61,76.2,569699410,-0.10003543167591822
20240422,78.1,80.03,76.4,79.52,391394430,0.0435695538057741
20240423,80.77,82.77,80.26,82.42,287279100,0.03646881287726367
20240424,83.95,84.08,79.18,79.68,337109690,-0.03324435816549376
20240425,78.97,83.32,78.22,82.63,263635670,0.03702309236947787
20240426,83.83,88.33,83.39,87.74,363275280,0.06184194602444637
20240429,87.6,87.99,85.27,87.76,262527860,0.00022794620469590576
20240430,87.24,88.82,86.3,86.4,227798130,-0.015496809480401108
20240501,85.17,86.0,81.25,83.04,389651650,-0.03888888888888886
20240502,84.42,86.24,83.2,85.82,252142560,0.03347784200385351
20240503,87.79,89.28,87.04,88.79,269566130,0.03460731764157554
20240506,89.39,92.22,89.05,92.14,244656410,0.03772947403986926
20240507,91.08,91.78,89.01,90.55,302150410,-0.017256349034078577
20240508,89.5,91.19,89.42,90.41,216748330,-0.0015461071231364087
20240509,90.54,91.07,88.23,88.75,262401440,-0.018360800796372034
20240510,90.3,91.4,89.23,89.88,227270170,0.01273239436619722
20240513,90.48,91.0,88.53,90.4,190163660,0.005785491766800321
20240514,89.59,91.65,88.93,91.36,202167730,0.010619469026548645
20240515,92.47,94.86,91.6,94.63,264304790,0.03579246935201397
20240516,94.91,95.82,94.1,94.36,204395530,-0.002853217795624974
20240517,94.37,94.74,91.81,92.48,229154410,-0.019923696481559894
20240520,93.75,95.2,93.44,94.78,208729710,0.024870242214532823
20240521,93.59,95.4,93.18,95.39,202676990,0.006435956952943744
20240522,95.46,96.02,93.25,94.95,268921130,-0.00461264283467866
20240523,102.03,106.32,101.52,103.8,487224150,0.09320695102685628
20240524,104.45,106.48,103.0,106.47,258729770,0.025722543352601157
20240528,110.2,114.94,109.88,113.9,383135170,0.06978491593876224
20240529,113.05,115.49,110.92,114.83,327073460,0.008165057067603065
20240530,114.65,115.82,109.66,110.5,280016760,-0.03770791604981272
20240531,112.5,112.72,106.98,109.63,312903700,-0.007873303167420853
20240603,113.62,115.0,112.0,115.0,256417590,0.04898294262519398
20240604,115.7,116.6,114.05,116.44,238996210,0.012521739130434861
20240605,118.37,122.45,117.47,122.44,290102890,0.051528684300927496
20240606,124.05,125.59,118.32,121.0,390333210,-0.011760862463247257
20240607,119.79,121.69,118.02,120.89,239856120,-0.0009090909090908594
20240610,120.35,123.1,117.01,121.79,248406461,0.007444784514848202
20240611,121.77,122.87,118.74,120.91,173597143,-0.007225552179981998
20240612,123.05,126.88,122.57,125.2,224668029,0.03548093623356219
20240613,129.39,129.8,127.16,129.61,193268816,0.03522364217252405
20240614,129.96,132.84,128.32,131.88,238270147,0.01751408070364935
20240617,132.93,133.73,129.58,130.98,213768169,-0.006824385805277555
20240618,131.14,136.33,130.69,135.58,230334735,0.03511986562834046
20240620,139.8,140.76,129.52,130.78,377927010,-0.035403451836554134
20240621,127.11,130.63,124.3,126.57,324491295,-0.032191466585104855
20240624,123.24,124.46,118.04,118.11,342585677,-0.06684048352690208
20240625,121.13,126.5,119.32,126.09,310612679,0.06756413512827031
20240626,126.13,128.12,122.6,126.4,256536932,0.002458561345070942
20240627,124.09,126.41,122.92,123.99,182568928,-0.019066455696202578
20240628,124.57,127.71,122.75,123.54,227551840,-0.0036293249455600085
20240701,123.5,124.84,118.83,124.3,226458340,0.006151853650639305
20240702,121.11,123.41,121.03,122.67,164103360,-0.013113435237328996
20240703,121.66,128.28,121.36,128.28,164203109,0.045732452922474964
20240705,127.3,128.85,125.68,125.83,158243237,-0.019098846273776116
20240708,127.49,130.77,127.04,128.2,183746739,0.018834936024795246
20240709,130.36,133.82,128.65,131.38,225077441,0.024804992199688014
20240710,134.03,135.1,132.42,134.91,177365584,0.02686862536154666
20240711,135.76,136.15,127.05,127.4,273472507,-0.05566674079015632
20240712,128.27,131.92,127.22,129.24,195434732,0.014442700156985788
20240715,130.62,131.39,127.18,128.44,158914765,-0.006190034045187365
20240716,128.44,129.04,124.58,126.36,160599187,-0.01619433198380571
20240717,121.35,121.85,116.72,117.99,283250700,-0.06623931623931623
20240718,121.89,122.4,116.56,121.09,247559326,0.026273413001101753
20240719,120.35,121.6,117.37,117.93,152848409,-0.02609629201420427
20240722,120.35,124.07,119.86,123.54,189117939,0.047570592724497596
20240723,122.78,124.69,122.1,122.59,129757316,-0.007689817063299409
20240724,119.19,119.95,113.44,114.25,227793220,-0.06803165021616775
20240725,113.07,116.63,106.3,112.28,353202854,-0.017242888402625778
20240726,116.18,116.2,111.58,113.06,212467501,0.006946918418240022
20240729,113.69,116.28,111.3,111.59,192366489,-0.013001945869449805
20240730,111.52,111.99,102.54,103.73,368614125,-0.07043641903396358
20240731,112.9,118.34,110.88,117.02,337444533,0.12812108358237717
20240801,117.52,120.16,106.81,109.21,404099947,-0.06674072808067
20240802,103.76,108.72,101.4,107.27,350883122,-0.017763941031041064
20240805,92.11,103.41,90.79,100.45,372866758,-0.06357788757341287
20240806,103.84,107.71,100.55,104.25,296449466,0.03782976605276245
20240807,107.81,108.68,98.69,98.91,313543181,-0.05122302158273384
20240808,102.0,105.5,97.52,104.97,299731923,0.06126781922960278
20240809,105.64,106.6,103.43,104.75,231405373,-0.002095836905782633
20240812,106.32,111.07,106.26,109.02,264846865,0.04076372315035792
20240813,112.44,116.23,111.58,116.14,233556044,0.0653091175931022
20240814,118.5,118.6,114.07,118.08,265427667,0.016703977957637228
20240815,118.72,123.24,117.47,122.86,242705443,0.04048102981029822
20240816,121.94,125.0,121.18,124.58,225841101,0.013999674426176112
20240819,124.3,130.0,123.42,130.0,249056904,0.043506180767378444
20240820,128.4,129.88,125.89,127.25,236168118,-0.02115384615384619
20240821,127.3,129.35,126.66,128.5,207680846,0.00982318271119853
20240822,130.04,130.75,123.1,123.74,292836587,-0.03704280155642026
20240823,125.85,129.6,125.22,129.37,245821872,0.04549862615160838
20240826,129.56,131.26,124.37,126.46,257293117,-0.022493622941949565
20240827,125.05,129.2,123.88,128.3,234391274,0.014550055353471647
20240828,128.05,128.33,122.64,125.61,301759834,-0.020966484801247187
20240829,121.38,124.43,116.71,117.59,325743273,-0.06384841971180633
20240830,119.47,121.75,117.22,119.37,247252900,0.015137341610681254
20240903,116.01,116.21,107.29,108.0,353878209,-0.09525006282985682
20240904,105.4,109.99,104.12,106.21,300265583,-0.016574074074074185
20240905,104.97,109.65,104.76,107.21,236896049,0.009415309292910345
20240906,108.06,108.15,100.95,102.83,307106247,-0.040854397910642604
20240909,104.86,106.55,103.69,106.47,207564871,0.03539823008849563
20240910,107.81,109.4,104.95,108.1,211500638,0.015309476847938264
20240911,109.44,117.18,107.42,116.91,350983556,0.08149861239592981
20240912,116.84,120.79,115.38,119.14,288861633,0.019074501753485684
20240913,119.05,119.96,117.6,119.1,185856246,-0.0003357394661742674
20240916,116.79,118.18,114.36,116.78,188907194,-0.019479429051217356
20240917,118.17,118.8,114.83,115.59,182258328,-0.010190101044699418
20240918,115.92,117.7,113.22,113.37,238193758,-0.019205813651699932
20240919,117.35,119.66,117.25,117.87,215714327,0.039693040486901365
20240920,117.06,118.62,115.39,116.0,203036789,-0.01586493594638161
20240923,116.54,116.99,114.86,116.26,154285261,0.0022413793103448487
20240924,116.5,121.8,115.38,120.87,276243546,0.03965250301049372
20240925,122.02,124.94,121.61,123.51,222264093,0.021841648051625695
20240926,126.79,127.67,121.8,124.04,235250692,0.004291150514128317
20240927,123.97,124.03,119.26,121.4,209568257,-0.02128345694937117
20240930,118.3,121.5,118.15,121.44,167541402,0.0003294892915979286
20241001,121.77,122.44,115.79,117.0,230126625,-0.0365612648221344
20241002,116.41,119.38,115.14,118.85,157181787,0.015811965811965756
20241003,120.88,124.36,120.34,122.85,223461350,0.033655868742112016
20241004,124.91,125.01,121.83,124.92,190211058,0.016849816849817012
20241007,124.96,130.64,124.94,127.72,277105046,0.022414345180915785
20241008,130.24,133.48,129.42,132.89,224616431,0.04047917319135608
20241009,134.12,134.52,131.38,132.65,196383266,-0.001806004966513508
20241010,131.91,135.0,131.0,134.81,193379120,0.01628345269506215
20241011,134.02,135.78,133.66,134.8,133037375,-7.41784734069606e-05
20241014,136.47,139.6,136.3,138.07,176063369,0.024258160237388582
20241015,137.87,138.57,128.74,131.6,294111838,-0.04686028825957844
20241016,133.96,136.62,131.59,135.72,210104609,0.03130699088145894
20241017,139.33,140.89,136.87,136.93,233918361,0.008915414087828033
20241018,138.66,138.9,137.28,138.0,133009527,0.007814211640984503
20241021,138.13,143.71,138.0,143.71,201273741,0.04137681159420303
20241022,142.97,144.42,141.78,143.59,172755119,-0.0008350149606847213
20241023,142.02,142.43,137.46,139.56,224351321,-0.02806602131067626
20241024,140.82,141.35,138.46,140.41,131692390,0.006090570364001069
20241025,140.93,144.13,140.8,141.54,161020122,0.00804785983904277
20241028,143.03,143.14,140.05,140.52,129589069,-0.007206443408223739
20241029,140.26,142.26,138.9,141.25,115322871,0.005194990037005409
20241030,139.52,140.33,136.81,139.34,122359509,-0.013522123893805249
20241031,137.6,137.62,132.11,132.76,191689995,-0.0472226209272284
20241101,134.7,137.31,134.58,135.4,142065755,0.019885507683037096
20241104,137.25,138.96,135.57,136.05,141734812,0.004800590841949726
20241105,137.45,140.38,137.33,139.91,120425915,0.028371922087467638
20241106,142.96,146.49,141.99,145.61,172489939,0.040740476020298955
20241107,146.39,148.93,146.17,148.88,139426415,0.022457248815328512
20241108,148.79,149.77,146.26,147.63,122144524,-0.008396023643202577
20241111,148.68,148.85,143.57,145.26,131553254,-0.01605364763259498
20241112,146.77,149.63,146.01,148.29,140068306,0.020859149111937203
20241113,149.04,149.33,145.9,146.27,122582068,-0.013621956976195171
20241114,147.64,149.0,145.55,146.76,136843725,0.0033499692349763244
20241115,144.87,145.24,140.08,141.98,166654819,-0.0325701826110657
20241118,139.51,141.55,137.15,140.15,143242337,-0.01288913931539637
20241119,141.32,147.13,140.99,147.01,158331449,0.048947556189796515
20241120,147.38,147.56,142.73,145.89,193781103,-0.007618529351744785
20241121,149.35,152.89,140.7,146.67,295583557,0.005346493933785723
20241122,145.93,147.16,141.1,141.95,176953644,-0.03218108679348197
20241125,141.92,142.03,135.82,136.02,195569655,-0.041775272983444744
20241126,137.7,139.3,135.67,136.92,135080324,0.006616674018526503
20241127,135.01,137.22,131.8,135.34,162940567,-0.011539585159216936
20241129,136.74,139.35,136.05,138.25,92711678,0.021501403871730496
20241202,138.83,140.45,137.82,138.63,114183781,0.0027486437613020165
20241203,138.26,140.54,137.98,140.26,107666671,0.011757916756834685
20241204,142.0,145.79,140.29,145.14,168547008,0.03479252816198475
20241205,145.12,146.54,143.95,145.06,121408823,-0.0005511919525973408
20241206,144.6,145.7,141.31,142.44,129455030,-0.018061491796498075
20241209,138.98,139.95,137.13,138.81,122065235,-0.02548441449031169
20241210,139.01,141.82,133.79,135.07,146259025,-0.026943303796556517
20241211,137.36,140.17,135.21,139.31,127827516,0.03139113052491305
20241212,137.08,138.44,135.8,137.34,109971750,-0.014141124111693326
20241213,138.99,139.6,132.54,134.25,165950728,-0.02249890782000874
20241216,134.17,134.4,130.42,132.0,164201559,-0.016759776536312887
20241217,129.08,131.59,126.86,130.39,174337849,-0.012196969696969817
20241218,133.88,136.7,128.28,128.91,180031206,-0.01135056369353471
20241219,131.76,134.03,129.55,130.68,142102747,0.013730509657901013
20241220,129.75,135.28,128.22,134.7,161062294,0.030762167125803375
20241223,136.24,139.79,135.12,139.67,127968055,0.036896807720861124
20241224,140.01,141.9,138.65,140.22,74628628,0.003937853511849498
20241226,139.64,140.85,137.73,139.93,87519447,-0.002068178576522528
20241227,138.57,139.02,134.71,137.01,125583694,-0.02086757664546568
20241230,134.83,140.27,134.02,137.49,127371436,0.0035033939128532587
20241231,137.97,138.07,133.83,134.29,115156351,-0.023274419957815207
20250102,136.0,138.88,134.63,138.31,142570104,0.0299352148335692
20250103,140.0,144.9,139.73,144.47,163121666,0.044537632853734355
20250106,148.59,152.16,147.82,149.43,182174466,0.034332387346854176
20250107,153.02,153.13,140.01,140.14,253529518,-0.062169577728702574
20250108,142.59,143.95,137.56,140.11,159495609,-0.0002140716426428657
20250110,137.45,139.92,134.22,135.91,141108676,-0.02997644707729652
20250113,129.99,133.49,129.51,133.23,135472566,-0.019718931645942184
20250114,136.04,136.38,130.05,131.76,142804980,-0.01103355100202652
20250115,133.65,136.45,131.29,136.24,129791984,0.03400121432908332
20250116,138.64,138.75,133.49,133.57,138128308,-0.019597768643570324
20250117,136.7,138.5,135.46,137.71,129708716,0.03099498390357125
20250121,139.24,141.83,137.09,140.83,123205376,0.02265630673153729
20250122,144.71,147.79,143.67,147.07,161569144,0.0443087410352907
20250123,145.05,147.23,143.72,147.22,108630781,0.0010199224858911116
20250124,148.37,148.97,141.88,142.62,165302763,-0.03124575465290036
20250127,124.8,128.4,116.7,118.42,530229066,-0.16968167157481417
20250128,121.81,129.0,116.25,128.99,428358545,0.08925857118729952
20250129,126.5,126.89,120.05,123.7,293373027,-0.0410109310799287
20250130,123.1,125.0,118.1,124.65,271117385,0.007679870654810017
20250131,123.78,127.85,119.19,120.07,266006576,-0.036742880064179806
20250203,114.76,118.57,113.01,116.66,257127808,-0.028400099941700674
20250204,116.96,121.2,116.7,118.65,173897809,0.01705811760672038
20250205,121.75,125.0,120.76,124.83,188492617,0.05208596713021496
20250206,127.43,128.77,125.21,128.68,181604096,0.03084194504526172
20250207,129.22,130.37,125.0,129.84,170048558,0.009014609884985925
20250210,130.05,135.0,129.96,133.57,155348507,0.02872766481823774
20250211,132.58,134.48,131.02,132.8,134247258,-0.005764767537620563
20250212,130.01,132.24,129.08,131.14,113737337,-0.012500000000000178
20250213,131.55,136.5,131.17,135.29,146069560,0.03164556962025311
20250214,136.48,139.25,135.54,138.85,143820083,0.026313844334392877
20250218,141.27,143.44,137.92,139.4,154413166,0.003961109110551142
20250219,139.51,141.36,137.22,139.23,122174617,-0.0012195121951220633
20250220,140.14,140.66,136.79,140.11,105154896,0.006320476908712402
20250221,139.99,141.46,134.03,134.43,156604171,-0.040539576047391335
20250224,136.83,138.59,130.1,130.28,169028116,-0.030871085323216585
20250225,129.98,130.2,124.44,126.63,191663180,-0.028016579674547182
20250226,129.95,133.73,128.49,131.28,199140973,0.036721156124141174
20250227,135.0,135.01,120.05,120.15,310953361,-0.084780621572212
20250228,118.04,125.09,116.4,124.92,251350823,0.03970037453183517
20250303,123.5,123.7,112.28,114.06,304500318,-0.0869356388088377
20250304,110.65,119.31,110.11,115.99,283780609,0.016920918814658847
20250305,117.58,118.28,114.51,117.3,200065127,0.011294077075610032
20250306,113.48,115.35,110.22,110.57,224010992,-0.05737425404944585
20250307,111.25,113.48,107.57,112.69,258882145,0.019173374333001814
20250310,109.94,111.85,105.46,106.98,269307262,-0.05066997959002573
20250311,107.02,112.24,104.79,108.76,260992294,0.016638624041876993
20250312,114.12,116.76,112.88,115.74,238311139,0.06417800662008077
20250313,117.03,117.76,113.79,115.58,224187954,-0.001382408847416583
20250314,118.6,121.88,118.15,121.67,200065728,0.05269077695102964
20250317,122.71,122.89,118.03,119.53,192397372,-0.017588559217555644
20250318,117.96,119.02,114.54,115.43,223411019,-0.03430101229816773
20250319,117.27,120.45,115.68,117.52,202741518,0.0181062115567876
20250320,116.55,120.2,116.47,118.53,170622598,0.008594281824370276
20250321,116.94,117.99,115.42,117.7,165033149,-0.007002446637981885
20250324,119.88,122.22,119.34,121.41,149033671,0.03152081563296516
20250325,120.53,121.29,118.92,120.69,123158130,-0.005930318754633013
20250326,118.73,118.84,112.71,113.76,220878850,-0.05741983594332578
20250327,111.35,114.45,110.69,111.43,168787872,-0.02048171589310832
20250328,111.48,112.87,109.07,109.67,168954116,-0.015794669299111552
20250331,105.12,108.96,103.65,108.38,205996921,-0.011762560408498324
20250401,108.52,110.2,106.47,110.15,163689455,0.016331426462447007
20250402,107.29,111.98,106.79,110.42,154366201,0.002451202905129346
20250403,103.51,105.63,101.6,101.8,240836533,-0.07806556783191454
20250404,98.95,100.08,92.11,94.31,373130000,-0.0735756385068762
20250407,87.46,101.75,86.62,97.64,434484290,0.0353090870533348
20250408,103.81,105.85,94.46,96.3,349360178,-0.013723883654240154
20250409,98.94,115.09,97.7,114.33,431005014,0.18722741433021817
20250410,109.33,110.86,103.01,107.57,320786915,-0.05912708825330193
20250411,108.51,111.55,107.49,110.93,228867379,0.031235474574695665
20250414,114.15,114.29,109.07,110.71,194005991,-0.001983232669251045
20250415,110.97,113.62,110.5,112.2,160416362,0.013458585493631992
20250416,104.44,106.79,100.45,104.49,283739077,-0.06871657754010707
20250417,104.47,104.47,100.05,101.49,227874919,-0.028710881424059753
20250421,98.77,99.44,95.04,96.91,193607618,-0.045127598778204714
20250422,98.76,99.82,97.28,98.89,173367412,0.020431328036322416
20250423,104.52,104.8,102.02,102.71,174026787,0.03862877945191623
20250424,103.49,106.54,103.11,106.43,153070523,0.03621847921331911
20250425,106.86,111.92,105.73,111.01,191454295,0.04303297942309503
20250428,109.7,110.37,106.02,108.73,150002768,-0.020538690208089405
20250429,107.67,110.2,107.44,109.02,128526226,0.0026671571783316583
20250430,104.48,108.92,104.08,108.92,146120446,-0.0009172628875435684
20250501,113.14,114.94,111.3,111.61,168947169,0.024697025339698753
20250502,114.17,115.4,113.37,114.5,135853495,0.02589373712032983
20250505,112.91,114.67,112.66,113.82,93143664,-0.005938864628820983
20250506,111.47,114.74,110.82,113.54,113672254,-0.002460024600245858
20250507,113.04,117.68,112.28,117.06,150000341,0.03100228994187071
20250508,118.49,118.68,115.85,117.37,143441827,0.0026482145908082177
20250509,117.36,118.23,115.21,116.65,101968603,-0.006134446621794298
20250512,121.97,123.0,120.28,123.0,154612980,0.05443634804972142
20250513,124.98,131.22,124.47,129.93,230058113,0.056341463414634196
20250514,133.21,135.44,131.68,135.34,190607789,0.041637804971907943
20250515,134.3,136.3,132.66,134.83,162674196,-0.003768287276488813
20250516,136.22,136.35,133.46,135.4,150854119,0.0042275457984126685
20250519,132.35,135.87,132.34,135.57,132795804,0.0012555391432791385
20250520,134.3,134.58,132.62,134.38,117500792,-0.008777753190233772
20250521,133.04,137.4,130.59,131.8,203095032,-0.019199285607977234
20250522,132.22,134.25,131.55,132.83,137199061,0.007814871016691871
20250523,130.0,132.66,129.16,131.29,141358395,-0.011593766468418476
20250527,134.21,135.66,133.31,135.5,139565655,0.03206641785360653
20250528,136.02,137.25,134.79,134.81,178599928,-0.0050922509225092005
20250529,142.25,143.49,137.93,139.19,268663030,0.03249017135227361
20250530,138.69,139.62,132.92,135.13,212987664,-0.029168762123715775
20250602,135.58,138.12,135.4,137.38,129841182,0.016650632724043435
20250603,138.81,142.0,137.95,141.22,158356046,0.02795166690930273
20250604,142.19,142.39,139.54,141.92,118991196,0.004956804985129404
20250605,142.15,144.0,138.83,139.99,157398801,-0.013599210822998753
20250606,142.51,143.27,141.51,141.72,110234161,0.01235802557325516
20250609,143.21,145.0,141.95,142.63,133169356,0.006421112051933298
20250610,142.69,144.29,141.52,143.96,104457426,0.009324826474093939
20250611,144.63,144.99,141.87,142.83,117159765,-0.007849402611836642
20250612,141.99,145.0,141.85,145.0,117944639,0.015192886648463189
20250613,142.48,143.58,140.85,141.97,124352169,-0.020896551724137957
20250616,143.38,146.18,143.25,144.69,130365330,0.019158977248714404
20250617,144.54,145.22,143.78,144.12,96271764,-0.003939456769645355
20250618,144.02,145.65,143.12,145.48,113312864,0.009436580627254942
20250620,145.45,146.2,142.65,143.85,135342692,-0.011204289249381327
20250623,142.5,144.78,142.03,144.17,106361231,0.002224539450816687
20250624,145.55,147.96,145.5,147.9,116940274,0.025872234167996222
20250625,149.29,154.45,149.26,154.31,191731867,0.04334009465855315
20250626,155.97,156.72,154.0,155.02,139038894,0.004601127600285082
20250627,156.04,158.71,155.25,157.75,154504616,0.017610630886337075
20250630,158.41,158.66,155.97,157.99,115600342,0.0015213946117274002
20250701,156.26,157.2,151.49,153.3,155514563,-0.029685423128046118
20250702,152.97,157.6,152.95,157.25,121044168,0.025766470971950284
20250703,158.37,160.98,157.77,159.34,97870784,0.013290937996820462
20250707,158.2,159.31,157.34,158.24,96567997,-0.006903476841973122
20250708,159.34,160.22,158.39,160.0,96926302,0.011122345803842304
20250709,161.23,164.42,161.16,162.88,125696841,0.018000000000000016
20250710,164.32,164.5,161.61,164.1,119231559,0.007490176817288807
20250711,163.73,167.89,163.47,164.92,143530803,0.004996953077391897
20250714,165.34,165.49,162.02,164.07,100794925,-0.005154014067426549
20250715,171.19,172.4,169.19,170.7,157378091,0.04040958127628458
20250716,171.07,171.75,168.9,171.37,114175840,0.003925014645577152
20250717,172.07,174.16,170.83,173.0,113765774,0.009511583124234058
20250718,173.64,174.25,171.26,172.41,95796304,-0.003410404624277441
20250721,172.78,173.38,171.0,171.38,81541879,-0.005974131430891538
20250722,171.4,171.4,164.58,167.03,133303743,-0.025382191620959227
20250723,169.54,171.26,168.0,170.78,105426301,0.022451056696401794
20250724,172.6,173.83,171.3,173.74,90664079,0.0173322403091698
20250725,173.6,174.72,172.96,173.5,86618552,-0.001381374467595342
20250728,174.01,176.98,173.97,176.75,92733182,0.018731988472622474
20250729,177.97,179.38,175.02,175.51,108418702,-0.0070155586987270535
20250730,176.51,179.89,176.04,179.27,116908971,0.021423280724745197
20250731,182.89,183.3,175.93,177.87,151674959,-0.007809449433814897
20250801,174.12,176.54,170.89,173.72,143833660,-0.02333164670827015
20250804,175.16,180.2,174.52,180.0,99842514,0.036150126640571045
20250805,179.62,180.26,175.9,178.26,114447587,-0.009666666666666712
20250806,176.33,179.9,176.25,179.42,93887055,0.006507348816335634
20250807,181.59,183.88,178.79,180.77,112935517,0.007524244788764012
20250808,181.54,183.3,180.4,182.7,90418444,0.010676550312551658
20250811,182.05,183.84,180.25,182.06,97923132,-0.003503010399562023
20250812,182.96,184.48,179.46,183.16,99217459,0.0060419641876303665
20250813,182.62,183.97,179.35,181.59,122651780,-0.00857174055470622
20250814,179.73,183.01,179.46,182.02,91449736,0.002367971804614788
20250815,181.78,181.9,178.04,180.45,107612675,-0.00862542577738723
20250818,180.58,182.94,180.58,182.01,94742297,0.008645054031587662
20250819,182.43,182.5,175.49,175.64,134317907,-0.0349980770287347
20250820,175.17,176.0,168.8,175.4,153369771,-0.0013664313368252357
20250821,174.85,176.9,173.81,174.98,95966304,-0.0023945267958951355
20250822,172.61,178.59,171.2,177.99,127276016,0.017201965938964614
20250825,178.36,181.91,176.57,179.81,116831723,0.010225293555817805
20250826,180.06,182.39,178.81,181.77,101031883,0.010900394861242502
20250827,182.0,182.49,179.1,181.6,133817974,-0.0009352478406778886
20250828,180.9,184.47,176.41,180.17,194140424,-0.007874449339207112
20250829,178.08,178.15,173.14,174.18,168648165,-0.033246378420380696
20250902,170.06,172.38,167.22,170.78,159254898,-0.01952003674359859
20250903,171.05,172.41,168.87,170.62,113091881,-0.0009368778545496559
20250904,170.54,171.86,169.41,171.66,91189926,0.006095416715508062
20250905,168.01,169.03,164.07,167.02,150200121,-0.027030175929162237
20250908,167.55,170.96,167.35,168.31,113862374,0.0077236259130641916
20250909,169.09,170.98,166.74,170.76,104607466,0.014556473174499374
20250910,176.64,179.29,175.47,177.33,159438639,0.03847505270555174
20250911,179.68,180.28,176.48,177.17,102856413,-0.0009022725991091329
20250912,177.82,178.6,176.45,177.82,83019111,0.003668792684991873
20250915,175.68,178.85,174.51,177.75,101477932,-0.0003936565065796316
20250916,177.0,177.5,174.38,174.88,94343994,-0.016146272855133592
20250917,172.59,173.2,168.41,170.29,151543431,-0.02624656907593781
20250918,173.98,177.1,172.97,176.24,126921999,0.034940395795407975
20250919,175.7,178.08,175.18,176.67,118095177,0.0024398547435313667
20250922,175.3,184.55,174.7,183.61,197216082,0.039282277692873846
20250923,181.97,182.42,176.21,178.43,128361609,-0.028211971025543292
20250924,179.77,179.78,175.4,176.97,94352184,-0.008182480524575486
20250925,174.47,180.26,173.12,177.69,140055690,0.004068486184098941
20250926,178.16,179.77,174.96,178.19,100999495,0.002813889357870414
20250929,180.43,184.0,180.32,181.85,128200320,0.020539873169089118
20250930,182.1,187.35,181.48,186.58,161197286,0.026010448171570166
20251001,185.21,188.14,183.9,187.24,114492907,0.0035373566298637638
20251002,189.61,191.03,188.06,188.89,93500472,0.00881221961119416
20251003,189.18,190.36,185.38,187.62,91754931,-0.00672348986182425
20251006,185.46,187.23,183.33,185.54,102131274,-0.011086238140923244
20251007,186.25,189.06,184.0,185.04,98920731,-0.002694836692896385
20251008,186.57,189.6,186.54,189.11,88479599,0.021995244271509007
20251009,192.29,195.3,191.06,192.57,122524426,0.018296229707577494
20251010,193.5,195.62,182.05,183.16,169048057,-0.048865347665783876
20251013,187.99,190.11,186.0,188.32,95578226,0.0281720899759772
20251014,184.77,184.8,179.7,180.03,131491122,-0.044020815632965116
20251015,184.8,184.87,177.29,179.83,134868508,-0.0011109259567849694
20251016,182.23,183.28,179.77,181.81,120853480,0.011010398709892621
20251017,180.2,184.1,179.75,183.22,114570923,0.007755348990704514
20251020,183.07,185.2,181.73,182.64,88847536,-0.0031655932758433147
20251021,182.79,182.79,179.8,181.16,81908216,-0.00810337275514672
20251022,181.14,183.44,176.82,180.28,106525984,-0.004857584455729702
20251023,180.4,183.03,179.79,182.16,73470267,0.010428222764588435
20251024,183.86,187.47,183.5,186.26,88649206,0.022507685551163892
20251027,190.0,192.0,188.43,191.49,99573785,0.028079029313862414
20251028,193.06,203.15,191.91,201.03,207724866,0.04981983393388689
20251029,207.99,212.19,204.77,207.04,198868153,0.02989603541759922
20251030,205.15,206.16,201.41,202.89,107934092,-0.020044435857805243
20251031,206.45,207.97,202.07,202.49,103271902,-0.001971511656562508
20251103,208.08,211.34,205.56,206.88,118299033,0.021680082967060033
20251104,203.0,203.97,197.94,198.69,110730870,-0.03958816705336421
20251105,198.77,202.92,194.65,195.21,105901422,-0.017514721425335944
20251106,196.52,197.62,186.38,188.08,144224736,-0.03652476819835049
20251107,184.9,188.31,178.95,188.15,160132262,0.00037218205019140527
20251110,195.09,199.94,193.79,199.05,126548092,0.05793250066436362
20251111,195.18,195.42,191.3,193.16,113237504,-0.029590555136900343
20251112,195.72,195.89,191.13,193.8,104242597,0.003313315386208382
20251113,191.05,191.44,183.85,186.86,133567912,-0.0358101135190918
20251114,182.86,191.01,180.58,190.17,120176133,0.017713796425131045
20251117,185.97,189.0,184.32,186.6,107199129,-0.018772677078403466
20251118,183.4,184.8,179.65,181.36,136246102,-0.02808145766345116
20251119,184.75,187.86,182.83,186.52,130329686,0.02845169827966476
20251120,196.0,196.0,179.86,180.64,225890276,-0.031524769461720004
20251121,181.24,184.56,172.93,178.88,210534781,-0.009743135518157642
20251124,179.47,183.5,176.48,182.55,140259175,0.02051654740608244
20251125,174.91,178.16,169.55,177.82,199058501,-0.025910709394686537
20251126,181.69,182.91,178.24,180.26,116902266,0.013721741086492045
20251128,179.0,179.29,176.5,177.0,75086908,-0.018084988350160813
20251201,174.76,180.3,173.68,179.92,115008005,0.016497175141242826
20251202,181.77,185.66,180.0,181.46,123352984,0.008559359715429204
20251203,181.08,182.45,179.11,179.59,98365984,-0.01030530144384445
20251204,181.62,184.52,180.0,183.38,109661897,0.021103624923436648
20251205,183.89,184.66,180.91,182.41,90932385,-0.005289562656778268
20251208,182.68,187.99,182.4,185.55,133096548,0.01721396853242707
20251209,185.57,185.72,183.32,184.97,91485328,-0.0031258420910806883
20251210,184.97,185.48,182.03,183.78,103538521,-0.006433475698761959
20251211,180.29,181.32,176.62,180.93,116998132,-0.015507672216780954
20251212,181.11,182.82,174.62,175.02,127891155,-0.03266456640689763
20251215,177.94,178.42,175.03,176.29,102832206,0.0072563135641638965
20251216,176.22,178.49,174.9,177.72,93856692,0.008111634239037935
20251217,176.1,176.13,170.31,170.94,139254438,-0.038149898717083075
20251218,174.56,176.15,171.82,174.14,107674548,0.018720018720018716
20251219,176.67,181.45,176.36,180.99,146888117,0.03933616630297476
20251222,183.92,184.16,182.35,183.69,80881896,0.014917951268025753
20251223,182.98,189.33,182.9,189.21,118995936,0.03005062877674347
20251224,187.94,188.91,186.59,188.61,46128496,-0.0031710797526557366
20251226,189.92,192.69,188.0,190.53,101515865,0.010179735963098402
20251229,187.7,188.76,185.92,188.22,77956975,-0.012124074948826946
20251230,188.23,188.99,186.93,187.54,66200007,-0.0036127935394750788
20251231,189.57,190.56,186.49,186.5,78845601,-0.005545483630158832
20260102,189.84,192.93,188.26,188.85,102846699,0.012600536193029477
20260105,191.77,193.63,186.15,188.12,124920351,-0.003865501720942466
20260106,190.51,192.18,186.82,187.24,119679273,-0.004677865192430297
20260107,188.57,191.37,186.56,189.11,99550247,0.00998718222602002
20260108,189.12,189.55,183.71,185.04,113511873,-0.021521865580878985
20260109,185.04,186.34,183.67,184.86,88096346,-0.0009727626459142824
20260112,183.12,187.12,183.1,184.94,85761776,0.0004327599264306592
20260113,185.01,188.11,183.4,185.81,109038239,0.004704228398399568
20260114,184.33,184.46,180.8,183.14,104601926,-0.014369517248802643
20260115,186.51,189.7,186.33,187.05,133204354,0.02134978704816004
20260116,189.05,190.44,186.08,186.23,104412103,-0.004383854584335878
20260120,181.9,182.38,177.68,178.07,140877265,-0.04381678569510816
20260121,179.05,185.38,178.42,183.32,136597236,0.029482787667771015
20260122,184.71,186.17,183.93,184.84,96195010,0.008291512109971588
20260123,187.51,189.6,186.82,187.67,95094074,0.015310538844405919
20260126,187.17,189.12,186.0,186.47,81612352,-0.006394202589651954
20260127,187.24,190.0,185.7,188.52,100335322,0.010993725532257193
20260128,191.28,192.35,189.84,191.52,104978893,0.01591343093570985
20260129,191.34,193.48,186.06,192.51,117912137,0.005169172932330657
20260130,191.21,194.49,189.47,191.13,105827902,-0.007168458781361964
20260202,187.21,190.3,184.88,185.61,104318749,-0.028880866425992635
20260203,186.23,186.27,176.23,180.34,131728753,-0.028392866763644276
20260204,179.46,179.58,171.91,174.19,127688968,-0.03410225130309419
20260205,174.99,176.82,171.03,171.88,115537858,-0.013261381250358806
20260206,176.7,187.0,174.6,185.41,152159206,0.07871771003025363
20260209,184.26,193.66,183.93,190.04,126111491,0.024971684375168612
20260210,191.4,192.48,188.12,188.54,86950649,-0.007893075142075379
20260211,192.43,193.26,188.77,190.05,95567063,0.00800891057600528
20260212,193.03,193.61,186.51,186.94,121391012,-0.01636411470665622
20260213,187.5,187.51,181.59,182.81,105379444,-0.022092650048143758
20260217,181.77,187.15,179.18,184.97,108375723,0.011815546195503401
20260218,188.74,190.37,186.76,187.98,110954724,0.016272909120397916
20260219,187.07,188.43,185.66,187.9,83955203,-0.0004255771890625537
20260220,186.57,190.33,185.93,189.82,119047603,0.010218201170835384
20260223,191.45,193.95,189.57,191.55,114461011,0.009113897376461955
20260224,191.5,193.77,187.4,192.85,110781468,0.006786739754633064
20260225,194.47,197.63,193.79,195.56,134825554,0.014052372310085604
20260226,194.27,194.29,184.31,184.89,243177350,-0.054561259971364406
20260227,181.25,182.59,176.38,177.19,181601461,-0.04164638433663248
20260302,175.01,183.46,174.65,182.48,127494778,0.029854957954737804
20260303,178.49,180.9,176.92,180.05,114329812,-0.013316527838667103
20260304,180.41,184.7,180.06,183.04,116995641,0.01660649819494564
20260305,181.17,184.06,177.88,183.34,135133499,0.0016389860139860435
20260306,179.8,182.76,176.82,177.82,121670510,-0.03010799607287018
20260309,176.85,182.91,175.56,182.65,110121906,0.027162298953998576
20260310,182.4,186.44,182.01,184.77,124876827,0.011606898439638691
20260311,185.89,187.62,184.45,186.03,93283656,0.006819288845591798
20260312,184.03,184.94,181.75,183.14,104022510,-0.015535128742676041
20260313,184.92,186.09,179.94,180.25,113442269,-0.01578027738342247
